{"train_loss": 0.8103833657320532, "val_loss": 1.3752604760678417, "_timestamp": 1713813816.0716634, "_runtime": 897.229903459549, "_step": 2}