{"train_loss": 0.9392065886980951, "val_loss": 1.3668078440563245, "_timestamp": 1713816377.5681589, "_runtime": 286.84958577156067, "_step": 2, "_wandb": {"runtime": 285}}