{"eval/loss": 0.7521654963493347, "eval/runtime": 6.1133, "eval/samples_per_second": 293.133, "eval/steps_per_second": 18.321, "train/epoch": 5.0, "train/global_step": 2335, "_timestamp": 1714070649.0817387, "_runtime": 389.53482365608215, "_step": 9, "train/loss": 0.2682, "train/grad_norm": 8.539525985717773, "train/learning_rate": 2.8693790149892937e-06, "train_runtime": 390.9338, "train_samples_per_second": 95.464, "train_steps_per_second": 5.973, "total_flos": 3656980269895680.0, "train_loss": 0.4655816023048548}