{"train/loss": 0.0772, "train/grad_norm": 1.4863072633743286, "train/learning_rate": 1.6e-07, "train/epoch": 5.0, "train/global_step": 15625, "_timestamp": 1714074612.4833372, "_runtime": 3025.09491109848, "_step": 36, "eval/loss": 0.24851630628108978, "eval/runtime": 119.0414, "eval/samples_per_second": 293.427, "eval/steps_per_second": 18.347, "train_runtime": 3026.4678, "train_samples_per_second": 82.605, "train_steps_per_second": 5.163, "total_flos": 2.4497456256e+16, "train_loss": 0.1337382134399414}