{"train_loss": 0.4402703475125574, "val_loss": 1.714048225455076, "_timestamp": 1713811469.1020052, "_runtime": 1497.169090270996, "_step": 4}